{
"P2_WinStreak_Current": {
"mean": 0.27596336753974665,
"std": 2.7901324426379923
},
"P1_WinStreak_Current": {
"mean": 0.2746512027382096,
"std": 2.7850136561059267
},
"P2_Surface_Matches_30d": {
"mean": 4.020253462524574,
"std": 3.5126052326615076
},
"Height_Diff": {
"mean": -0.001014740779855328,
"std": 8.911484565460247
},
"P1_Surface_Matches_30d": {
"mean": 4.0219902915709715,
"std": 3.5134350850268152
},
"Player2_Height": {
"mean": 184.51258405807243,
"std": 6.225214551607177
},
"P1_Matches_30d": {
"mean": 4.893679660014124,
"std": 3.5951813255605316
},
"P2_Matches_30d": {
"mean": 4.897000629839105,
"std": 3.5946041835788813
},
"P2_Surface_Experience": {
"mean": 131.58292245344597,
"std": 137.64238600857016
},
"P2_Form_Trend_30d": {
"mean": 0.600947067282988,
"std": 0.2746233593581464
},
"Player1_Height": {
"mean": 184.51188741785055,
"std": 6.332570479196108
},
"P1_Form_Trend_30d": {
"mean": 0.6009890847440724,
"std": 0.2744640805587488
},
"Round_R16": {
"mean": 0.23646800226487596,
"std": 0.4249127983124709
},
"Surface_Transition_Flag": {
"mean": 0.17423799011343466,
"std": 0.37931400305639296
},
"P1_Surface_Matches_90d": {
"mean": 8.08423620875031,
"std": 6.218186456714657
},
"P1_Surface_Experience": {
"mean": 131.42761462753606,
"std": 137.41429345671932
},
"Rank_Diff": {
"mean": 0.6789426973654912,
"std": 412.8753945210795
},
"Round_R32": {
"mean": 0.4113215169579407,
"std": 0.49207329397698385
},
"Rank_Points_Diff": {
"mean": -1.9212971504552019,
"std": 746.0134586498242
},
"P2_Level_WinRate_Career": {
"mean": 0.5034711489472002,
"std": 0.11654020709353796
},
"P2_Surface_Matches_90d": {
"mean": 8.08466564450354,
"std": 6.233625806407137
},
"P1_Level_WinRate_Career": {
"mean": 0.5032459052255287,
"std": 0.11646448093899948
},
"P2_Level_Matches_Career": {
"mean": 104.48051475032287,
"std": 103.12322082200247
},
"P2_WinRate_Last10_120d": {
"mean": 0.5327332605284697,
"std": 0.13679670316616868
},
"Round_QF": {
"mean": 0.12675034832011095,
"std": 0.33269309809619063
},
"Level_25": {
"mean": 0.01425726700724633,
"std": 0.11854955649318313
},
"P1_Round_WinRate_Career": {
"mean": 0.5147457997902655,
"std": 0.1270479368875364
},
"P1_Surface_WinRate_90d": {
"mean": 0.5535249899380248,
"std": 0.1307427457874865
},
"Round_Q1": {
"mean": 0.0348145155646603,
"std": 0.18330975170638994
},
"Player1_Rank": {
"mean": 509.8324627981398,
"std": 411.5537378127364
},
"P1_Level_Matches_Career": {
"mean": 104.33018042663647,
"std": 103.23045646629289
},
"P2_Round_WinRate_Career": {
"mean": 0.5149182051874421,
"std": 0.12710115757314158
},
"draw_size": {
"mean": 38.00712068098967,
"std": 21.624612674468068
},
"P1_WinRate_Last10_120d": {
"mean": 0.532902018120084,
"std": 0.13679474985133674
},
"Age_Diff": {
"mean": -0.0003974666471564971,
"std": 4.922878363422601
},
"Level_15": {
"mean": 0.027428220609098948,
"std": 0.1633276257199545
},
"Player1_Rank_Points": {
"mean": 277.3992830013424,
"std": 701.4982936845356
},
"Handedness_Matchup_RL": {
"mean": 0.09344044839454649,
"std": 0.29104867462053935
},
"Player2_Rank": {
"mean": 509.15352010077424,
"std": 411.46793332106716
},
"Avg_Age": {
"mean": 23.87166050081752,
"std": 2.909533996342749
},
"P1_Country_RUS": {
"mean": 0.03084780160704402,
"std": 0.1729052189584122
},
"Player2_Age": {
"mean": 23.865070491083642,
"std": 3.81226323680691
},
"P2_vs_Lefty_WinRate": {
"mean": 0.5013431187279216,
"std": 0.14497191634808215
},
"Round_F": {
"mean": 0.032966351322980224,
"std": 0.1785485116247964
},
"Surface_Clay": {
"mean": 0.4779190497700133,
"std": 0.4995121936819369
},
"P2_Sets_14d": {
"mean": 7.160232817798362,
"std": 6.143732846204629
},
"Rank_Momentum_Diff_30d": {
"mean": 0.04866461385773271,
"std": 89.23417381810667
},
"H2H_P2_Wins": {
"mean": 0.157838315848406,
"std": 0.5187770993412119
},
"Player2_Rank_Points": {
"mean": 279.32170304676714,
"std": 712.4370992902959
},
"Player1_Age": {
"mean": 23.864693382872193,
"std": 3.8143016108979113
},
"P2_Rank_Volatility_90d": {
"mean": 25.928123616745427,
"std": 49.19477958284305
},
"P1_Days_Since_Last": {
"mean": 29.48803782851835,
"std": 49.89445724752945
},
"Grass_Season": {
"mean": 0.20114770681307775,
"std": 0.40085821290939994
},
"P1_Semifinals_WinRate": {
"mean": 0.5009863973895398,
"std": 0.11583501261915138
},
"Level_A": {
"mean": 0.1171548449895981,
"std": 0.3216047065654689
},
"Level_D": {
"mean": 0.011348237404808408,
"std": 0.10592192838412884
},
"P1_Country_USA": {
"mean": 0.07427807078373616,
"std": 0.262222880360167
},
"P1_Country_GBR": {
"mean": 0.028657679265569433,
"std": 0.16684249064516266
},
"P1_Country_FRA": {
"mean": 0.0752975830719607,
"std": 0.26387090983183786
},
"P2_Matches_14d": {
"mean": 2.864093127119345,
"std": 2.4574931384818517
},
"P2_Country_USA": {
"mean": 0.07383273000260843,
"std": 0.2614984856227094
},
"P2_Country_ITA": {
"mean": 0.06564959314938638,
"std": 0.2476685770716714
},
"Round_Q2": {
"mean": 0.020854672579095703,
"std": 0.14289770890645664
},
"P2_Surface_WinRate_90d": {
"mean": 0.5533507892225158,
"std": 0.1306478875712386
},
"P1_Hand_L": {
"mean": 0.11685423996233689,
"std": 0.321246519926927
},
"P2_Hand_L": {
"mean": 0.11639299415331175,
"std": 0.3206955956438112
},
"P1_Country_ITA": {
"mean": 0.06587385404273999,
"std": 0.24806146294073128
},
"P2_Rust_Flag": {
"mean": 0.3114013601979858,
"std": 0.463066467221316
},
"P1_Rank_Change_90d": {
"mean": 22.973282734137914,
"std": 125.72078255058452
},
"P1_Country_AUS": {
"mean": 0.03776648874242126,
"std": 0.19063100763120835
},
"P1_Hand_U": {
"mean": 0.08199359981677408,
"std": 0.27435496971234324
},
"P1_Hand_R": {
"mean": 0.80077680156251,
"std": 0.3994162185513084
},
"Round_RR": {
"mean": 0.013498597176539447,
"std": 0.11539664228566171
},
"Avg_Height": {
"mean": 184.24330477850657,
"std": 3.949423055618867
},
"P1_Sets_14d": {
"mean": 7.166384087337689,
"std": 6.147811870820724
},
"P2_Country_Other": {
"mean": 0.43547489232296116,
"std": 0.49581902996886523
},
"Round_SF": {
"mean": 0.06501975404464859,
"std": 0.24656071387920256
},
"P1_vs_Lefty_WinRate": {
"mean": 0.5010636648351682,
"std": 0.14512706218057295
},
"Indoor_Season": {
"mean": 0.32996570875985315,
"std": 0.47020031880301927
},
"Avg_Rank": {
"mean": 509.492991449457,
"std": 355.9840541082397
},
"P1_Rust_Flag": {
"mean": 0.31142680824262164,
"std": 0.4630768309367626
},
"Avg_Rank_Points": {
"mean": 278.4455721992836,
"std": 600.5454877451377
},
"Level_F": {
"mean": 0.0008620525120401061,
"std": 0.029348072807368314
},
"Round_R64": {
"mean": 0.034727037911224494,
"std": 0.18308760402915558
},
"P2_Country_CZE": {
"mean": 0.031830732331104505,
"std": 0.1755492432634504
},
"P2_Hand_R": {
"mean": 0.8005398166468384,
"std": 0.39959456779326313
},
"Surface_Hard": {
"mean": 0.4427641666083482,
"std": 0.49671325669440625
},
"P1_Matches_14d": {
"mean": 2.8665536349350758,
"std": 2.4591247483282896
},
"Surface_Carpet": {
"mean": 0.04813815743432814,
"std": 0.21405811181348858
},
"Round_R128": {
"mean": 0.01576188264634216,
"std": 0.12455298351217886
},
"P1_Country_SRB": {
"mean": 0.014462441867123034,
"std": 0.11938709998305143
},
"P2_Hand_U": {
"mean": 0.08273795512237328,
"std": 0.2754857272247356
},
"P1_Rank_Volatility_90d": {
"mean": 26.018122922132427,
"std": 49.372915943456505
},
"Level_M": {
"mean": 0.03342759713200537,
"std": 0.17975036267553318
},
"P2_Country_ESP": {
"mean": 0.07426375625862848,
"std": 0.26219963913969735
},
"Handedness_Matchup_LR": {
"mean": 0.09375695844970512,
"std": 0.2914902934781283
},
"P1_Country_CZE": {
"mean": 0.031919800487330056,
"std": 0.17578659455197118
},
"P2_Country_SUI": {
"mean": 0.014739189352538125,
"std": 0.12050703568575633
},
"Surface_Grass": {
"mean": 0.03117862618731033,
"std": 0.1738002285855295
},
"H2H_Total_Matches": {
"mean": 0.3150340685697563,
"std": 0.828551087642914
},
"Level_O": {
"mean": 0.0,
"std": 1.0
},
"P1_Hand_A": {
"mean": 0.0003753586583790868,
"std": 0.019370538563929156
},
"P1_Finals_WinRate": {
"mean": 0.4997592844191611,
"std": 0.11533165702229993
},